{"cameraMode":{"drawMode":0,"name":"Shaded","section":"Shading Mode"},"sceneLighting":false,"audioPlay":false,"sceneViewState":{"m_AlwaysRefresh":false,"showFog":false,"showSkybox":false,"showFlares":false,"showImageEffects":false,"showParticleSystems":false,"showVisualEffectGraphs":true,"m_FxEnabled":true},"in2DMode":false,"pivot":{"x":0.010062091052532196,"y":0.648613452911377,"z":-0.19340157508850099},"rotation":{"x":0.05141197890043259,"y":0.7734203338623047,"z":-0.0632513239979744,"w":0.6286402940750122},"size":0.7923967242240906,"orthographic":true}